/****** Object:  Database [BugTracker_36697]    Script Date: 08/09/2020 18:58:12 ******/

CREATE TABLE [dbo].[Perfiles](
	[id_perfil] [int] IDENTITY(1,1) NOT NULL,
	[nombre] [varchar](50) NOT NULL,
	[borrado] [bit] NOT NULL,
 CONSTRAINT [PK_Perfiles] PRIMARY KEY CLUSTERED 
(
	[id_perfil] ASC
)WITH (PAD_INDEX  = OFF, STATISTICS_NORECOMPUTE  = OFF, IGNORE_DUP_KEY = OFF, ALLOW_ROW_LOCKS  = ON, ALLOW_PAGE_LOCKS  = ON) ON [PRIMARY]
) ON [PRIMARY]
GO
SET ANSI_PADDING OFF
GO
SET IDENTITY_INSERT [dbo].[Perfiles] ON
INSERT [dbo].[Perfiles] ([id_perfil], [nombre], [borrado]) VALUES (1, N'Administrador', 0)
INSERT [dbo].[Perfiles] ([id_perfil], [nombre], [borrado]) VALUES (2, N'Tester', 0)
INSERT [dbo].[Perfiles] ([id_perfil], [nombre], [borrado]) VALUES (3, N'Desarrollador', 0)
INSERT [dbo].[Perfiles] ([id_perfil], [nombre], [borrado]) VALUES (4, N'Responsable de Reportes', 0)
SET IDENTITY_INSERT [dbo].[Perfiles] OFF
/****** Object:  Table [dbo].[Formularios]    Script Date: 08/09/2020 18:58:13 ******/
SET ANSI_NULLS ON
GO
SET QUOTED_IDENTIFIER ON
GO
SET ANSI_PADDING ON
GO
CREATE TABLE [dbo].[Formularios](
	[id_formulario] [int] IDENTITY(1,1) NOT NULL,
	[nombre] [varchar](50) NOT NULL,
	[borrado] [bit] NULL,
 CONSTRAINT [PK_Formularios] PRIMARY KEY CLUSTERED 
(
	[id_formulario] ASC
)WITH (PAD_INDEX  = OFF, STATISTICS_NORECOMPUTE  = OFF, IGNORE_DUP_KEY = OFF, ALLOW_ROW_LOCKS  = ON, ALLOW_PAGE_LOCKS  = ON) ON [PRIMARY]
) ON [PRIMARY]
GO
SET ANSI_PADDING OFF
GO
/****** Object:  Table [dbo].[Estados]    Script Date: 08/09/2020 18:58:13 ******/
SET ANSI_NULLS ON
GO
SET QUOTED_IDENTIFIER ON
GO
SET ANSI_PADDING ON
GO
CREATE TABLE [dbo].[Estados](
	[id_estado] [int] IDENTITY(1,1) NOT NULL,
	[nombre] [varchar](50) NOT NULL,
	[borrado] [bit] NULL,
 CONSTRAINT [PK_Estados] PRIMARY KEY CLUSTERED 
(
	[id_estado] ASC
)WITH (PAD_INDEX  = OFF, STATISTICS_NORECOMPUTE  = OFF, IGNORE_DUP_KEY = OFF, ALLOW_ROW_LOCKS  = ON, ALLOW_PAGE_LOCKS  = ON) ON [PRIMARY]
) ON [PRIMARY]
GO
SET ANSI_PADDING OFF
GO
SET IDENTITY_INSERT [dbo].[Estados] ON
INSERT [dbo].[Estados] ([id_estado], [nombre], [borrado]) VALUES (1, N'Nuevo', 0)
INSERT [dbo].[Estados] ([id_estado], [nombre], [borrado]) VALUES (2, N'Asignado', 0)
INSERT [dbo].[Estados] ([id_estado], [nombre], [borrado]) VALUES (3, N'Cerrado', 0)
INSERT [dbo].[Estados] ([id_estado], [nombre], [borrado]) VALUES (4, N'En testing', 0)
SET IDENTITY_INSERT [dbo].[Estados] OFF
/****** Object:  Table [dbo].[Criticidades]    Script Date: 08/09/2020 18:58:13 ******/
SET ANSI_NULLS ON
GO
SET QUOTED_IDENTIFIER ON
GO
SET ANSI_PADDING ON
GO
CREATE TABLE [dbo].[Criticidades](
	[id_criticidad] [int] IDENTITY(1,1) NOT NULL,
	[nombre] [varchar](50) NOT NULL,
	[borrado] [bit] NULL,
 CONSTRAINT [PK_Criticidades] PRIMARY KEY CLUSTERED 
(
	[id_criticidad] ASC
)WITH (PAD_INDEX  = OFF, STATISTICS_NORECOMPUTE  = OFF, IGNORE_DUP_KEY = OFF, ALLOW_ROW_LOCKS  = ON, ALLOW_PAGE_LOCKS  = ON) ON [PRIMARY]
) ON [PRIMARY]
GO
SET ANSI_PADDING OFF
GO
SET IDENTITY_INSERT [dbo].[Criticidades] ON
INSERT [dbo].[Criticidades] ([id_criticidad], [nombre], [borrado]) VALUES (1, N'LEVE', 0)
INSERT [dbo].[Criticidades] ([id_criticidad], [nombre], [borrado]) VALUES (2, N'GRAVE', 0)
INSERT [dbo].[Criticidades] ([id_criticidad], [nombre], [borrado]) VALUES (3, N'INVALIDANTE', 0)
SET IDENTITY_INSERT [dbo].[Criticidades] OFF
/****** Object:  Table [dbo].[Productos]    Script Date: 08/09/2020 18:58:13 ******/
SET ANSI_NULLS ON
GO
SET QUOTED_IDENTIFIER ON
GO
SET ANSI_PADDING ON
GO
CREATE TABLE [dbo].[Productos](
	[id_producto] [int] IDENTITY(1,1) NOT NULL,
	[nombre] [varchar](50) NULL,
	[borrado] [bit] NULL,
 CONSTRAINT [PK_Producto] PRIMARY KEY CLUSTERED 
(
	[id_producto] ASC
)WITH (PAD_INDEX  = OFF, STATISTICS_NORECOMPUTE  = OFF, IGNORE_DUP_KEY = OFF, ALLOW_ROW_LOCKS  = ON, ALLOW_PAGE_LOCKS  = ON) ON [PRIMARY]
) ON [PRIMARY]
GO
SET ANSI_PADDING OFF
GO
SET IDENTITY_INSERT [dbo].[Productos] ON
INSERT [dbo].[Productos] ([id_producto], [nombre], [borrado]) VALUES (1, N'Software de Gestión', 0)
INSERT [dbo].[Productos] ([id_producto], [nombre], [borrado]) VALUES (2, N'Soft. de Gestión de Identidad', 0)
INSERT [dbo].[Productos] ([id_producto], [nombre], [borrado]) VALUES (3, N'Software de Auditoría', 0)
INSERT [dbo].[Productos] ([id_producto], [nombre], [borrado]) VALUES (4, N'Soft. Vulnerabilidades', 0)
SET IDENTITY_INSERT [dbo].[Productos] OFF
/****** Object:  Table [dbo].[Prioridades]    Script Date: 08/09/2020 18:58:13 ******/
SET ANSI_NULLS ON
GO
SET QUOTED_IDENTIFIER ON
GO
SET ANSI_PADDING ON
GO
CREATE TABLE [dbo].[Prioridades](
	[id_prioridad] [int] IDENTITY(1,1) NOT NULL,
	[nombre] [varchar](50) NOT NULL,
	[borrado] [bit] NULL,
 CONSTRAINT [PK_Prioridades] PRIMARY KEY CLUSTERED 
(
	[id_prioridad] ASC
)WITH (PAD_INDEX  = OFF, STATISTICS_NORECOMPUTE  = OFF, IGNORE_DUP_KEY = OFF, ALLOW_ROW_LOCKS  = ON, ALLOW_PAGE_LOCKS  = ON) ON [PRIMARY]
) ON [PRIMARY]
GO
SET ANSI_PADDING OFF
GO
SET IDENTITY_INSERT [dbo].[Prioridades] ON
INSERT [dbo].[Prioridades] ([id_prioridad], [nombre], [borrado]) VALUES (1, N'BAJA', 0)
INSERT [dbo].[Prioridades] ([id_prioridad], [nombre], [borrado]) VALUES (2, N'MEDIA', 0)
INSERT [dbo].[Prioridades] ([id_prioridad], [nombre], [borrado]) VALUES (3, N'ALTA', 0)
INSERT [dbo].[Prioridades] ([id_prioridad], [nombre], [borrado]) VALUES (4, N'URGENTE', 0)
SET IDENTITY_INSERT [dbo].[Prioridades] OFF
/****** Object:  Table [dbo].[Permisos]    Script Date: 08/09/2020 18:58:13 ******/
SET ANSI_NULLS ON
GO
SET QUOTED_IDENTIFIER ON
GO
CREATE TABLE [dbo].[Permisos](
	[id_formulario] [int] NOT NULL,
	[id_perfil] [int] NOT NULL,
	[borrado] [int] NULL,
 CONSTRAINT [PK_Permisos] PRIMARY KEY CLUSTERED 
(
	[id_formulario] ASC,
	[id_perfil] ASC
)WITH (PAD_INDEX  = OFF, STATISTICS_NORECOMPUTE  = OFF, IGNORE_DUP_KEY = OFF, ALLOW_ROW_LOCKS  = ON, ALLOW_PAGE_LOCKS  = ON) ON [PRIMARY]
) ON [PRIMARY]
GO
/****** Object:  Table [dbo].[Usuarios]    Script Date: 08/09/2020 18:58:13 ******/
SET ANSI_NULLS ON
GO
SET QUOTED_IDENTIFIER ON
GO
SET ANSI_PADDING ON
GO
CREATE TABLE [dbo].[Usuarios](
	[id_usuario] [int] IDENTITY(1,1) NOT NULL,
	[id_perfil] [int] NOT NULL,
	[usuario] [varchar](50) NOT NULL,
	[password] [varchar](10) NOT NULL,
	[email] [varchar](50) NOT NULL,
	[estado] [varchar](1) NOT NULL,
	[borrado] [bit] NULL,
 CONSTRAINT [PK_Usuarios] PRIMARY KEY CLUSTERED 
(
	[id_usuario] ASC
)WITH (PAD_INDEX  = OFF, STATISTICS_NORECOMPUTE  = OFF, IGNORE_DUP_KEY = OFF, ALLOW_ROW_LOCKS  = ON, ALLOW_PAGE_LOCKS  = ON) ON [PRIMARY]
) ON [PRIMARY]
GO
SET ANSI_PADDING OFF
GO
SET IDENTITY_INSERT [dbo].[Usuarios] ON
INSERT [dbo].[Usuarios] ([id_usuario], [id_perfil], [usuario], [password], [email], [estado], [borrado]) VALUES (1, 1, N'administrador', N'12345', N'admin@gmail.com', N'S', 0)
INSERT [dbo].[Usuarios] ([id_usuario], [id_perfil], [usuario], [password], [email], [estado], [borrado]) VALUES (2, 2, N'Tester Ariel', N'12345', N'ariel@gmail.com', N'N', 0)
INSERT [dbo].[Usuarios] ([id_usuario], [id_perfil], [usuario], [password], [email], [estado], [borrado]) VALUES (4, 3, N'Tester Miguel', N'12345', N'miguel@gmail.com', N'S', 0)
INSERT [dbo].[Usuarios] ([id_usuario], [id_perfil], [usuario], [password], [email], [estado], [borrado]) VALUES (5, 2, N'Tester Ana', N'12345', N'ana@gmail.com', N'N', 0)
INSERT [dbo].[Usuarios] ([id_usuario], [id_perfil], [usuario], [password], [email], [estado], [borrado]) VALUES (6, 3, N'Tester Diego', N'12345', N'diego@gmail.com', N'N', 0)
INSERT [dbo].[Usuarios] ([id_usuario], [id_perfil], [usuario], [password], [email], [estado], [borrado]) VALUES (7, 4, N'Tester Micaela', N'12345', N'mica@gmail.com', N'S', 0)
SET IDENTITY_INSERT [dbo].[Usuarios] OFF
/****** Object:  Table [dbo].[Bugs]    Script Date: 08/09/2020 18:58:13 ******/
SET ANSI_NULLS ON
GO
SET QUOTED_IDENTIFIER ON
GO
SET ANSI_PADDING ON
GO
CREATE TABLE [dbo].[Bugs](
	[id_bug] [int] IDENTITY(1,1) NOT NULL,
	[titulo] [varchar](100) NOT NULL,
	[descripcion] [varchar](1000) NULL,
	[fecha_alta] [date] NOT NULL,
	[id_usuario_responsable] [int] NULL,
	[id_usuario_asignado] [int] NULL,
	[id_producto] [int] NULL,
	[id_prioridad] [int] NULL,
	[id_criticidad] [int] NULL,
	[id_estado] [int] NULL,
	[borrado] [bit] NULL,
 CONSTRAINT [PK_Bugs] PRIMARY KEY CLUSTERED 
(
	[id_bug] ASC
)WITH (PAD_INDEX  = OFF, STATISTICS_NORECOMPUTE  = OFF, IGNORE_DUP_KEY = OFF, ALLOW_ROW_LOCKS  = ON, ALLOW_PAGE_LOCKS  = ON) ON [PRIMARY]
) ON [PRIMARY]
GO
SET ANSI_PADDING OFF
GO
SET IDENTITY_INSERT [dbo].[Bugs] ON
INSERT [dbo].[Bugs] ([id_bug], [titulo], [descripcion], [fecha_alta], [id_usuario_responsable], [id_usuario_asignado], [id_producto], [id_prioridad], [id_criticidad], [id_estado], [borrado]) VALUES (2, N'Validación de campos', N'No valida que los campos obligatorios tengan valor', CAST(0x433F0B00 AS Date), 1, 2, 1, 1, 1, 1, 0)
INSERT [dbo].[Bugs] ([id_bug], [titulo], [descripcion], [fecha_alta], [id_usuario_responsable], [id_usuario_asignado], [id_producto], [id_prioridad], [id_criticidad], [id_estado], [borrado]) VALUES (3, N'Carga de grilla', N'La grilla no carga valores correctos', CAST(0x603F0B00 AS Date), 1, 2, 2, 1, 1, 2, 0)
INSERT [dbo].[Bugs] ([id_bug], [titulo], [descripcion], [fecha_alta], [id_usuario_responsable], [id_usuario_asignado], [id_producto], [id_prioridad], [id_criticidad], [id_estado], [borrado]) VALUES (5, N'Carga de combos', N'No muestra descripción en el combo', CAST(0x5F3F0B00 AS Date), 2, 4, 3, 2, 3, 3, 0)
INSERT [dbo].[Bugs] ([id_bug], [titulo], [descripcion], [fecha_alta], [id_usuario_responsable], [id_usuario_asignado], [id_producto], [id_prioridad], [id_criticidad], [id_estado], [borrado]) VALUES (6, N'Grabado de objetos', N'No graba todos los datos del registro', CAST(0x3A400B00 AS Date), 2, 4, 4, 2, 2, 1, 0)
INSERT [dbo].[Bugs] ([id_bug], [titulo], [descripcion], [fecha_alta], [id_usuario_responsable], [id_usuario_asignado], [id_producto], [id_prioridad], [id_criticidad], [id_estado], [borrado]) VALUES (7, N'Transacción', N'Graba mas de un registro sin contemplar transacción', CAST(0x3A400B00 AS Date), 5, 5, 3, 3, 2, 1, 0)
INSERT [dbo].[Bugs] ([id_bug], [titulo], [descripcion], [fecha_alta], [id_usuario_responsable], [id_usuario_asignado], [id_producto], [id_prioridad], [id_criticidad], [id_estado], [borrado]) VALUES (8, N'Cálculos', N'Calcula mal el total', CAST(0x3A400B00 AS Date), 4, 5, 4, 2, 2, 2, 0)
SET IDENTITY_INSERT [dbo].[Bugs] OFF
/****** Object:  Table [dbo].[BugsHistorico]    Script Date: 08/09/2020 18:58:13 ******/
SET ANSI_NULLS ON
GO
SET QUOTED_IDENTIFIER ON
GO
SET ANSI_PADDING ON
GO
CREATE TABLE [dbo].[BugsHistorico](
	[id_bug_historico] [int] IDENTITY(1,1) NOT NULL,
	[fecha_historico] [date] NULL,
	[titulo] [varchar](100) NOT NULL,
	[descripcion] [varchar](1000) NULL,
	[id_bug] [int] NOT NULL,
	[id_usuario_responsable] [int] NULL,
	[id_usuario_asignado] [int] NULL,
	[id_producto] [int] NULL,
	[id_prioridad] [int] NULL,
	[id_criticidad] [int] NULL,
	[id_estado] [int] NOT NULL,
	[borrado] [bit] NULL,
 CONSTRAINT [PK_BugsHistorico] PRIMARY KEY CLUSTERED 
(
	[id_bug_historico] ASC
)WITH (PAD_INDEX  = OFF, STATISTICS_NORECOMPUTE  = OFF, IGNORE_DUP_KEY = OFF, ALLOW_ROW_LOCKS  = ON, ALLOW_PAGE_LOCKS  = ON) ON [PRIMARY]
) ON [PRIMARY]
GO
SET ANSI_PADDING OFF
GO
SET IDENTITY_INSERT [dbo].[BugsHistorico] ON
INSERT [dbo].[BugsHistorico] ([id_bug_historico], [fecha_historico], [titulo], [descripcion], [id_bug], [id_usuario_responsable], [id_usuario_asignado], [id_producto], [id_prioridad], [id_criticidad], [id_estado], [borrado]) VALUES (10, CAST(0x3A400B00 AS Date), N'probando transaccion', N'probando transaccion insert en bug e insert en historico', 6, NULL, NULL, 1, 2, 1, 1, 0)
INSERT [dbo].[BugsHistorico] ([id_bug_historico], [fecha_historico], [titulo], [descripcion], [id_bug], [id_usuario_responsable], [id_usuario_asignado], [id_producto], [id_prioridad], [id_criticidad], [id_estado], [borrado]) VALUES (11, CAST(0x3A400B00 AS Date), N'probando transaccion', N'probando transaccion', 7, NULL, NULL, 1, 1, 1, 1, 0)
SET IDENTITY_INSERT [dbo].[BugsHistorico] OFF
/****** Object:  Default [DF_Perfiles_borrado]    Script Date: 08/09/2020 18:58:13 ******/
ALTER TABLE [dbo].[Perfiles] ADD  CONSTRAINT [DF_Perfiles_borrado]  DEFAULT ((0)) FOR [borrado]
GO
/****** Object:  Default [DF_Formularios_borrado]    Script Date: 08/09/2020 18:58:13 ******/
ALTER TABLE [dbo].[Formularios] ADD  CONSTRAINT [DF_Formularios_borrado]  DEFAULT ((0)) FOR [borrado]
GO
/****** Object:  Default [DF_Estados_borrado]    Script Date: 08/09/2020 18:58:13 ******/
ALTER TABLE [dbo].[Estados] ADD  CONSTRAINT [DF_Estados_borrado]  DEFAULT ((0)) FOR [borrado]
GO
/****** Object:  Default [DF_Criticidades_borrado]    Script Date: 08/09/2020 18:58:13 ******/
ALTER TABLE [dbo].[Criticidades] ADD  CONSTRAINT [DF_Criticidades_borrado]  DEFAULT ((0)) FOR [borrado]
GO
/****** Object:  Default [DF_Productos_borrado]    Script Date: 08/09/2020 18:58:13 ******/
ALTER TABLE [dbo].[Productos] ADD  CONSTRAINT [DF_Productos_borrado]  DEFAULT ((0)) FOR [borrado]
GO
/****** Object:  Default [DF_Prioridades_borrado]    Script Date: 08/09/2020 18:58:13 ******/
ALTER TABLE [dbo].[Prioridades] ADD  CONSTRAINT [DF_Prioridades_borrado]  DEFAULT ((0)) FOR [borrado]
GO
/****** Object:  Default [DF_Usuarios_borrado]    Script Date: 08/09/2020 18:58:13 ******/
ALTER TABLE [dbo].[Usuarios] ADD  CONSTRAINT [DF_Usuarios_borrado]  DEFAULT ((0)) FOR [borrado]
GO
/****** Object:  Default [DF_BugsHistorico_borrado]    Script Date: 08/09/2020 18:58:13 ******/
ALTER TABLE [dbo].[BugsHistorico] ADD  CONSTRAINT [DF_BugsHistorico_borrado]  DEFAULT ((0)) FOR [borrado]
GO
/****** Object:  ForeignKey [FK_Permisos_Formularios]    Script Date: 08/09/2020 18:58:13 ******/
ALTER TABLE [dbo].[Permisos]  WITH CHECK ADD  CONSTRAINT [FK_Permisos_Formularios] FOREIGN KEY([id_formulario])
REFERENCES [dbo].[Formularios] ([id_formulario])
GO
ALTER TABLE [dbo].[Permisos] CHECK CONSTRAINT [FK_Permisos_Formularios]
GO
/****** Object:  ForeignKey [FK_Permisos_Perfiles]    Script Date: 08/09/2020 18:58:13 ******/
ALTER TABLE [dbo].[Permisos]  WITH CHECK ADD  CONSTRAINT [FK_Permisos_Perfiles] FOREIGN KEY([id_perfil])
REFERENCES [dbo].[Perfiles] ([id_perfil])
GO
ALTER TABLE [dbo].[Permisos] CHECK CONSTRAINT [FK_Permisos_Perfiles]
GO
/****** Object:  ForeignKey [FK_Usuarios_Perfiles]    Script Date: 08/09/2020 18:58:13 ******/
ALTER TABLE [dbo].[Usuarios]  WITH CHECK ADD  CONSTRAINT [FK_Usuarios_Perfiles] FOREIGN KEY([id_perfil])
REFERENCES [dbo].[Perfiles] ([id_perfil])
GO
ALTER TABLE [dbo].[Usuarios] CHECK CONSTRAINT [FK_Usuarios_Perfiles]
GO
/****** Object:  ForeignKey [FK_Bugs_Criticidades]    Script Date: 08/09/2020 18:58:13 ******/
ALTER TABLE [dbo].[Bugs]  WITH CHECK ADD  CONSTRAINT [FK_Bugs_Criticidades] FOREIGN KEY([id_criticidad])
REFERENCES [dbo].[Criticidades] ([id_criticidad])
GO
ALTER TABLE [dbo].[Bugs] CHECK CONSTRAINT [FK_Bugs_Criticidades]
GO
/****** Object:  ForeignKey [FK_Bugs_Estados]    Script Date: 08/09/2020 18:58:13 ******/
ALTER TABLE [dbo].[Bugs]  WITH CHECK ADD  CONSTRAINT [FK_Bugs_Estados] FOREIGN KEY([id_estado])
REFERENCES [dbo].[Estados] ([id_estado])
GO
ALTER TABLE [dbo].[Bugs] CHECK CONSTRAINT [FK_Bugs_Estados]
GO
/****** Object:  ForeignKey [FK_Bugs_Prioridades]    Script Date: 08/09/2020 18:58:13 ******/
ALTER TABLE [dbo].[Bugs]  WITH CHECK ADD  CONSTRAINT [FK_Bugs_Prioridades] FOREIGN KEY([id_prioridad])
REFERENCES [dbo].[Prioridades] ([id_prioridad])
GO
ALTER TABLE [dbo].[Bugs] CHECK CONSTRAINT [FK_Bugs_Prioridades]
GO
/****** Object:  ForeignKey [FK_Bugs_Productos]    Script Date: 08/09/2020 18:58:13 ******/
ALTER TABLE [dbo].[Bugs]  WITH CHECK ADD  CONSTRAINT [FK_Bugs_Productos] FOREIGN KEY([id_producto])
REFERENCES [dbo].[Productos] ([id_producto])
GO
ALTER TABLE [dbo].[Bugs] CHECK CONSTRAINT [FK_Bugs_Productos]
GO
/****** Object:  ForeignKey [FK_Bugs_Usuarios]    Script Date: 08/09/2020 18:58:13 ******/
ALTER TABLE [dbo].[Bugs]  WITH CHECK ADD  CONSTRAINT [FK_Bugs_Usuarios] FOREIGN KEY([id_usuario_asignado])
REFERENCES [dbo].[Usuarios] ([id_usuario])
GO
ALTER TABLE [dbo].[Bugs] CHECK CONSTRAINT [FK_Bugs_Usuarios]
GO
/****** Object:  ForeignKey [FK_Bugs_Usuarios1]    Script Date: 08/09/2020 18:58:13 ******/
ALTER TABLE [dbo].[Bugs]  WITH CHECK ADD  CONSTRAINT [FK_Bugs_Usuarios1] FOREIGN KEY([id_usuario_responsable])
REFERENCES [dbo].[Usuarios] ([id_usuario])
GO
ALTER TABLE [dbo].[Bugs] CHECK CONSTRAINT [FK_Bugs_Usuarios1]
GO
/****** Object:  ForeignKey [FK_BugsHistorico_Bugs]    Script Date: 08/09/2020 18:58:13 ******/
ALTER TABLE [dbo].[BugsHistorico]  WITH CHECK ADD  CONSTRAINT [FK_BugsHistorico_Bugs] FOREIGN KEY([id_bug])
REFERENCES [dbo].[Bugs] ([id_bug])
GO
ALTER TABLE [dbo].[BugsHistorico] CHECK CONSTRAINT [FK_BugsHistorico_Bugs]
GO
/****** Object:  ForeignKey [FK_BugsHistorico_Criticidades]    Script Date: 08/09/2020 18:58:13 ******/
ALTER TABLE [dbo].[BugsHistorico]  WITH CHECK ADD  CONSTRAINT [FK_BugsHistorico_Criticidades] FOREIGN KEY([id_criticidad])
REFERENCES [dbo].[Criticidades] ([id_criticidad])
GO
ALTER TABLE [dbo].[BugsHistorico] CHECK CONSTRAINT [FK_BugsHistorico_Criticidades]
GO
/****** Object:  ForeignKey [FK_BugsHistorico_Estados]    Script Date: 08/09/2020 18:58:13 ******/
ALTER TABLE [dbo].[BugsHistorico]  WITH CHECK ADD  CONSTRAINT [FK_BugsHistorico_Estados] FOREIGN KEY([id_estado])
REFERENCES [dbo].[Estados] ([id_estado])
GO
ALTER TABLE [dbo].[BugsHistorico] CHECK CONSTRAINT [FK_BugsHistorico_Estados]
GO
/****** Object:  ForeignKey [FK_BugsHistorico_Prioridades]    Script Date: 08/09/2020 18:58:13 ******/
ALTER TABLE [dbo].[BugsHistorico]  WITH CHECK ADD  CONSTRAINT [FK_BugsHistorico_Prioridades] FOREIGN KEY([id_prioridad])
REFERENCES [dbo].[Prioridades] ([id_prioridad])
GO
ALTER TABLE [dbo].[BugsHistorico] CHECK CONSTRAINT [FK_BugsHistorico_Prioridades]
GO
/****** Object:  ForeignKey [FK_BugsHistorico_Productos]    Script Date: 08/09/2020 18:58:13 ******/
ALTER TABLE [dbo].[BugsHistorico]  WITH CHECK ADD  CONSTRAINT [FK_BugsHistorico_Productos] FOREIGN KEY([id_producto])
REFERENCES [dbo].[Productos] ([id_producto])
GO
ALTER TABLE [dbo].[BugsHistorico] CHECK CONSTRAINT [FK_BugsHistorico_Productos]
GO
/****** Object:  ForeignKey [FK_BugsHistorico_Usuarios]    Script Date: 08/09/2020 18:58:13 ******/
ALTER TABLE [dbo].[BugsHistorico]  WITH CHECK ADD  CONSTRAINT [FK_BugsHistorico_Usuarios] FOREIGN KEY([id_usuario_responsable])
REFERENCES [dbo].[Usuarios] ([id_usuario])
GO
ALTER TABLE [dbo].[BugsHistorico] CHECK CONSTRAINT [FK_BugsHistorico_Usuarios]
GO
/****** Object:  ForeignKey [FK_BugsHistorico_Usuarios1]    Script Date: 08/09/2020 18:58:13 ******/
ALTER TABLE [dbo].[BugsHistorico]  WITH CHECK ADD  CONSTRAINT [FK_BugsHistorico_Usuarios1] FOREIGN KEY([id_usuario_asignado])
REFERENCES [dbo].[Usuarios] ([id_usuario])
GO
ALTER TABLE [dbo].[BugsHistorico] CHECK CONSTRAINT [FK_BugsHistorico_Usuarios1]
GO
